{
    "director_id": "04cf994f-f307-4ea4-4d67-9d01988108d4",
    "installation_id": "98819123-a7a4-40c1-4ce0-707274fc1628",
    "current_vm_cid": "i-0080b95ba43891c4d",
    "current_stemcell_id": "f0480323-83b2-407a-4866-0f777003652c",
    "current_disk_id": "292a0a43-a9b0-4b4d-64c1-b873faccceae",
    "current_release_ids": [
        "d954301b-fac3-406c-46ec-080c1a92834d",
        "8ba9903e-9c97-444b-7338-1297dbc308e4",
        "0f00a7a5-27f5-40bc-7e55-5da5e04f31ea",
        "75e0f772-ea03-46ba-4105-fa2f5e91b87e",
        "51098cdb-daab-471f-7f5b-260555d2b724",
        "aa91e568-c4ed-49a0-651b-a06d5b917ebf",
        "67e07d9b-d802-465d-4d14-452ba0e3a4e3",
        "96656c2b-258a-4f16-71ad-94bb996901ab"
    ],
    "current_manifest_sha": "b196dc83d52e8cd17871d5752cf9dff81df17569d89e3d40673a935dd170a823dac84590970bedcac733b79f55157461c4f93620880e812bb0e20d339ea9c894",
    "disks": [
        {
            "id": "292a0a43-a9b0-4b4d-64c1-b873faccceae",
            "cid": "vol-0bc9e03d80fec116c",
            "size": 51200,
            "cloud_properties": {
                "type": "gp2"
            }
        }
    ],
    "stemcells": [
        {
            "id": "f0480323-83b2-407a-4866-0f777003652c",
            "name": "bosh-aws-xen-hvm-ubuntu-xenial-go_agent",
            "version": "621.75",
            "api_version": 3,
            "cid": "ami-0be1be0df19b1063b"
        }
    ],
    "releases": [
        {
            "id": "d954301b-fac3-406c-46ec-080c1a92834d",
            "name": "bosh",
            "version": "270.11.1"
        },
        {
            "id": "8ba9903e-9c97-444b-7338-1297dbc308e4",
            "name": "bosh-aws-cpi",
            "version": "81"
        },
        {
            "id": "0f00a7a5-27f5-40bc-7e55-5da5e04f31ea",
            "name": "uaa",
            "version": "74.5.17"
        },
        {
            "id": "75e0f772-ea03-46ba-4105-fa2f5e91b87e",
            "name": "credhub",
            "version": "2.5.12"
        },
        {
            "id": "51098cdb-daab-471f-7f5b-260555d2b724",
            "name": "bosh-system-metrics-server",
            "version": "0.0.24"
        },
        {
            "id": "aa91e568-c4ed-49a0-651b-a06d5b917ebf",
            "name": "os-conf",
            "version": "22.0.0"
        },
        {
            "id": "67e07d9b-d802-465d-4d14-452ba0e3a4e3",
            "name": "backup-and-restore-sdk",
            "version": "1.18.0"
        },
        {
            "id": "96656c2b-258a-4f16-71ad-94bb996901ab",
            "name": "bpm",
            "version": "1.1.8"
        }
    ]
}