{
    "director_id": "436fe0ce-3f00-4fa4-6ea1-29bcdce8152d",
    "installation_id": "43758577-5d8a-41e9-65e0-fd7de6cd4f7e",
    "current_vm_cid": "i-0a28e873477152eb2",
    "current_stemcell_id": "d653fba2-497c-4bf5-5898-f2d8c826076d",
    "current_disk_id": "db990098-7afc-4a01-6889-74d52ac2e337",
    "current_release_ids": [
        "3d451eda-54cd-4287-4573-3ddeff460475",
        "b9e3a50b-1ce3-4861-5984-229795008829",
        "a2474339-7174-4b5f-5abc-757a8b2f8757",
        "51db3bca-7ce0-4d09-5313-404db490fcb1",
        "9853ae7e-eb52-4de3-4adc-ac647a6b7529",
        "b040f84a-e85b-44e1-7d78-67a30bb15c30",
        "a5381a51-531c-4b06-6885-5e96efc99a02",
        "94926995-5403-4054-42b7-727e75eea9ec"
    ],
    "current_manifest_sha": "8bc177576fd713fca1e2871692cc44836e9c387a0cd090d737e09a00f18cf53644ecce3e69f4e5fa50654da6c9768ca06637806a9b8cb357b2ae10e2fc28df70",
    "disks": [
        {
            "id": "db990098-7afc-4a01-6889-74d52ac2e337",
            "cid": "vol-05928222bab32dddd",
            "size": 51200,
            "cloud_properties": {
                "type": "gp2"
            }
        }
    ],
    "stemcells": [
        {
            "id": "d653fba2-497c-4bf5-5898-f2d8c826076d",
            "name": "bosh-aws-xen-hvm-ubuntu-xenial-go_agent",
            "version": "621.75",
            "api_version": 3,
            "cid": "ami-0e1ed03abb076eda5"
        }
    ],
    "releases": [
        {
            "id": "3d451eda-54cd-4287-4573-3ddeff460475",
            "name": "bosh",
            "version": "270.11.1"
        },
        {
            "id": "b9e3a50b-1ce3-4861-5984-229795008829",
            "name": "bosh-aws-cpi",
            "version": "81"
        },
        {
            "id": "a2474339-7174-4b5f-5abc-757a8b2f8757",
            "name": "uaa",
            "version": "74.5.17"
        },
        {
            "id": "51db3bca-7ce0-4d09-5313-404db490fcb1",
            "name": "credhub",
            "version": "2.5.12"
        },
        {
            "id": "9853ae7e-eb52-4de3-4adc-ac647a6b7529",
            "name": "bosh-system-metrics-server",
            "version": "0.0.24"
        },
        {
            "id": "b040f84a-e85b-44e1-7d78-67a30bb15c30",
            "name": "os-conf",
            "version": "22.0.0"
        },
        {
            "id": "a5381a51-531c-4b06-6885-5e96efc99a02",
            "name": "backup-and-restore-sdk",
            "version": "1.18.0"
        },
        {
            "id": "94926995-5403-4054-42b7-727e75eea9ec",
            "name": "bpm",
            "version": "1.1.8"
        }
    ]
}